model,test_global_mse,test_global_r2
GRU,0.4697882258689084,0.2763106819368881
LSTM,0.4397048302291382,0.3226529078096225
XGBoost,0.4138553057113304,0.3624730304530711
Tree,0.4836641887596367,0.254935335410723
