model,test_global_mse,test_global_r2
GRU,0.4481777133563462,0.3096007820331271
LSTM,0.4274610304331078,0.341513974641389
XGBoost,0.410010107905941,0.3683963985248296
Tree,0.4836641887596367,0.254935335410723
